<?xml version="1.0" encoding="UTF-8" standalone="no"?>
<!-- Generated 17 dic. 2021 16:21:26 by Hibernate Tools 5.5.7.Final --><!DOCTYPE hibernate-mapping PUBLIC "-//Hibernate/Hibernate Mapping DTD 3.0//EN" "http://www.hibernate.org/dtd/hibernate-mapping-3.0.dtd">
<hibernate-mapping auto-import="true" default-access="property" default-cascade="none" default-lazy="true">
    <class catalog="hogwarts" dynamic-insert="false" dynamic-update="false" mutable="true" name="practica_04.Course" optimistic-lock="none" polymorphism="implicit" select-before-update="false" table="course">
        <id name="id" type="int">
            <column name="id"/>
            <generator class="assigned"/>
        </id>
        <many-to-one class="practica_04.Person" embed-xml="true" fetch="select" insert="true" name="person" not-found="exception" optimistic-lock="true" unique="false" update="true">
            <column name="teacher_id" unique="true"/>
        </many-to-one>
        <property generated="never" lazy="false" name="name" optimistic-lock="true" type="string" unique="false">
            <column length="50" name="name"/>
        </property>
        <set embed-xml="true" fetch="select" inverse="true" lazy="true" mutable="true" name="bookses" optimistic-lock="true" sort="unsorted" table="books">
            <key on-delete="noaction">
                <column name="subject"/>
            </key>
            <one-to-many class="practica_04.Books" embed-xml="true" not-found="exception"/>
        </set>
        <set embed-xml="true" fetch="select" inverse="false" lazy="true" mutable="true" name="persons" optimistic-lock="true" sort="unsorted" table="enrollment">
            <key on-delete="noaction">
                <column name="course_enrollment" not-null="true"/>
            </key>
            <many-to-many embed-xml="true" entity-name="practica_04.Person" not-found="exception" unique="false">
                <column name="person_enrollment" not-null="true"/>
            </many-to-many>
        </set>
    </class>
</hibernate-mapping>
