<?xml version="1.0" encoding="UTF-8" standalone="no"?>
<!-- Generated 17 dic. 2021 16:21:26 by Hibernate Tools 5.5.7.Final --><!DOCTYPE hibernate-mapping PUBLIC "-//Hibernate/Hibernate Mapping DTD 3.0//EN" "http://www.hibernate.org/dtd/hibernate-mapping-3.0.dtd">
<hibernate-mapping auto-import="true" default-access="property" default-cascade="none" default-lazy="true">
    <class catalog="hogwarts" dynamic-insert="false" dynamic-update="false" mutable="true" name="practica_04.HousePoints" optimistic-lock="none" polymorphism="implicit" select-before-update="false" table="house_points">
        <id name="id" type="java.lang.Integer">
            <column name="id"/>
            <generator class="identity"/>
        </id>
        <many-to-one class="practica_04.Person" embed-xml="true" fetch="select" insert="true" name="personByGiver" not-found="exception" optimistic-lock="true" unique="false" update="true">
            <column name="giver"/>
        </many-to-one>
        <many-to-one class="practica_04.Person" embed-xml="true" fetch="select" insert="true" name="personByReceiver" not-found="exception" optimistic-lock="true" unique="false" update="true">
            <column name="receiver"/>
        </many-to-one>
        <property generated="never" lazy="false" name="points" optimistic-lock="true" type="java.lang.Integer" unique="false">
            <column name="points"/>
        </property>
    </class>
</hibernate-mapping>
